Comune;Codice ISTAT;Abitanti;Positivi;Rapporto;Data
Antrona Schieranco;103001;-1;3;-1;2020/14/04
Anzola d'Ossola;103002;-1;1;-1;2020/14/04
Arizzano;103003;-1;8;-1;2020/14/04
Arola;103004;-1;1;-1;2020/14/04
Aurano;103005;-1;1;-1;2020/14/04
Baceno;103006;-1;0;-1;2020/14/04
Bannio Anzino;103007;-1;0;-1;2020/14/04
Baveno;103008;-1;8;-1;2020/14/04
Bee;103009;-1;2;-1;2020/14/04
Belgirate;103010;-1;18;-1;2020/14/04
Beura-Cardezza;103011;-1;5;-1;2020/14/04
Bognanco;103012;-1;1;-1;2020/14/04
Brovello-Carpugnino;103013;-1;0;-1;2020/14/04
Calasca-Castiglione;103014;-1;0;-1;2020/14/04
Cambiasca;103015;-1;11;-1;2020/14/04
Cannero Riviera;103016;-1;1;-1;2020/14/04
Cannobio;103017;-1;5;-1;2020/14/04
Caprezzo;103018;-1;0;-1;2020/14/04
Casale Corte Cerro;103019;-1;9;-1;2020/14/04
Ceppo Morelli;103021;-1;0;-1;2020/14/04
Cesara;103022;-1;0;-1;2020/14/04
Cossogno;103023;-1;8;-1;2020/14/04
Craveggia;103024;-1;4;-1;2020/14/04
Crevoladossola;103025;-1;5;-1;2020/14/04
Crodo;103026;-1;0;-1;2020/14/04
Domodossola;103028;-1;44;-1;2020/14/04
Druogno;103029;-1;4;-1;2020/14/04
Formazza;103031;-1;1;-1;2020/14/04
Germagno;103032;-1;1;-1;2020/14/04
Ghiffa;103033;-1;9;-1;2020/14/04
Gignese;103034;-1;1;-1;2020/14/04
Gravellona Toce;103035;-1;35;-1;2020/14/04
Gurro;103036;-1;0;-1;2020/14/04
Intragna;103037;-1;0;-1;2020/14/04
Loreglia;103038;-1;0;-1;2020/14/04
Macugnaga;103039;-1;1;-1;2020/14/04
Madonna del Sasso;103040;-1;2;-1;2020/14/04
Malesco;103041;-1;0;-1;2020/14/04
Masera;103042;-1;2;-1;2020/14/04
Massiola;103043;-1;0;-1;2020/14/04
Mergozzo;103044;-1;6;-1;2020/14/04
Miazzina;103045;-1;7;-1;2020/14/04
Montecrestese;103046;-1;2;-1;2020/14/04
Montescheno;103047;-1;7;-1;2020/14/04
Nonio;103048;-1;4;-1;2020/14/04
Oggebbio;103049;-1;3;-1;2020/14/04
Omegna;103050;-1;117;-1;2020/14/04
Ornavasso;103051;-1;8;-1;2020/14/04
Pallanzeno;103052;-1;2;-1;2020/14/04
Piedimulera;103053;-1;4;-1;2020/14/04
Pieve Vergonte;103054;-1;5;-1;2020/14/04
Premeno;103055;-1;5;-1;2020/14/04
Premia;103056;-1;2;-1;2020/14/04
Premosello-Chiovenda;103057;-1;58;-1;2020/14/04
Quarna Sopra;103058;-1;0;-1;2020/14/04
Quarna Sotto;103059;-1;1;-1;2020/14/04
Re;103060;-1;1;-1;2020/14/04
San Bernardino Verbano;103061;-1;3;-1;2020/14/04
Santa Maria Maggiore;103062;-1;1;-1;2020/14/04
Stresa;103064;-1;9;-1;2020/14/04
Toceno;103065;-1;2;-1;2020/14/04
Trarego Viggiona;103066;-1;0;-1;2020/14/04
Trasquera;103067;-1;0;-1;2020/14/04
Trontano;103068;-1;1;-1;2020/14/04
Valstrona;103069;-1;1;-1;2020/14/04
Vanzone con San Carlo;103070;-1;1;-1;2020/14/04
Varzo;103071;-1;3;-1;2020/14/04
Verbania;103072;-1;249;-1;2020/14/04
Vignone;103074;-1;6;-1;2020/14/04
Villadossola;103075;-1;12;-1;2020/14/04
Villette;103076;-1;0;-1;2020/14/04
Vogogna;103077;-1;39;-1;2020/14/04
Borgomezzavalle;103078;-1;1;-1;2020/14/04
Valle Cannobina;103079;-1;1;-1;2020/14/04
Agliè;001001;-1;4;-1;2020/14/04
Airasca;001002;-1;7;-1;2020/14/04
Ala di Stura;001003;-1;1;-1;2020/14/04
Albiano d'Ivrea;001004;-1;1;-1;2020/14/04
Almese;001006;-1;12;-1;2020/14/04
Alpette;001007;-1;0;-1;2020/14/04
Alpignano;001008;-1;63;-1;2020/14/04
Andezeno;001009;-1;1;-1;2020/14/04
Andrate;001010;-1;1;-1;2020/14/04
Angrogna;001011;-1;1;-1;2020/14/04
Arignano;001012;-1;4;-1;2020/14/04
Avigliana;001013;-1;29;-1;2020/14/04
Azeglio;001014;-1;2;-1;2020/14/04
Bairo;001015;-1;4;-1;2020/14/04
Balangero;001016;-1;8;-1;2020/14/04
Baldissero Canavese;001017;-1;0;-1;2020/14/04
Baldissero Torinese;001018;-1;10;-1;2020/14/04
Balme;001019;-1;1;-1;2020/14/04
Banchette;001020;-1;5;-1;2020/14/04
Barbania;001021;-1;3;-1;2020/14/04
Bardonecchia;001022;-1;13;-1;2020/14/04
Barone Canavese;001023;-1;1;-1;2020/14/04
Beinasco;001024;-1;68;-1;2020/14/04
Bibiana;001025;-1;5;-1;2020/14/04
Bobbio Pellice;001026;-1;1;-1;2020/14/04
Bollengo;001027;-1;7;-1;2020/14/04
Borgaro Torinese;001028;-1;50;-1;2020/14/04
Borgiallo;001029;-1;0;-1;2020/14/04
Borgofranco d'Ivrea;001030;-1;4;-1;2020/14/04
Borgomasino;001031;-1;3;-1;2020/14/04
Borgone Susa;001032;-1;10;-1;2020/14/04
Bosconero;001033;-1;88;-1;2020/14/04
Brandizzo;001034;-1;112;-1;2020/14/04
Bricherasio;001035;-1;4;-1;2020/14/04
Brosso;001036;-1;0;-1;2020/14/04
Brozolo;001037;-1;3;-1;2020/14/04
Bruino;001038;-1;17;-1;2020/14/04
Brusasco;001039;-1;55;-1;2020/14/04
Bruzolo;001040;-1;3;-1;2020/14/04
Buriasco;001041;-1;3;-1;2020/14/04
Burolo;001042;-1;0;-1;2020/14/04
Busano;001043;-1;1;-1;2020/14/04
Bussoleno;001044;-1;5;-1;2020/14/04
Buttigliera Alta;001045;-1;14;-1;2020/14/04
Cafasse;001046;-1;11;-1;2020/14/04
Caluso;001047;-1;4;-1;2020/14/04
Cambiano;001048;-1;42;-1;2020/14/04
Campiglione Fenile;001049;-1;2;-1;2020/14/04
Candia Canavese;001050;-1;0;-1;2020/14/04
Candiolo;001051;-1;19;-1;2020/14/04
Canischio;001052;-1;0;-1;2020/14/04
Cantalupa;001053;-1;3;-1;2020/14/04
Cantoira;001054;-1;1;-1;2020/14/04
Caprie;001055;-1;8;-1;2020/14/04
Caravino;001056;-1;7;-1;2020/14/04
Carema;001057;-1;0;-1;2020/14/04
Carignano;001058;-1;27;-1;2020/14/04
Carmagnola;001059;-1;168;-1;2020/14/04
Casalborgone;001060;-1;3;-1;2020/14/04
Cascinette d'Ivrea;001061;-1;1;-1;2020/14/04
Caselette;001062;-1;3;-1;2020/14/04
Caselle Torinese;001063;-1;24;-1;2020/14/04
Castagneto Po;001064;-1;3;-1;2020/14/04
Castagnole Piemonte;001065;-1;2;-1;2020/14/04
Castellamonte;001066;-1;21;-1;2020/14/04
Castelnuovo Nigra;001067;-1;1;-1;2020/14/04
Castiglione Torinese;001068;-1;24;-1;2020/14/04
Cavagnolo;001069;-1;9;-1;2020/14/04
Cavour;001070;-1;20;-1;2020/14/04
Cercenasco;001071;-1;8;-1;2020/14/04
Ceres;001072;-1;2;-1;2020/14/04
Ceresole Reale;001073;-1;0;-1;2020/14/04
Cesana Torinese;001074;-1;0;-1;2020/14/04
Chialamberto;001075;-1;3;-1;2020/14/04
Chianocco;001076;-1;3;-1;2020/14/04
Chiaverano;001077;-1;5;-1;2020/14/04
Chieri;001078;-1;113;-1;2020/14/04
Chiesanuova;001079;-1;1;-1;2020/14/04
Chiomonte;001080;-1;2;-1;2020/14/04
Chiusa di San Michele;001081;-1;3;-1;2020/14/04
Chivasso;001082;-1;100;-1;2020/14/04
Ciconio;001083;-1;1;-1;2020/14/04
Cintano;001084;-1;1;-1;2020/14/04
Cinzano;001085;-1;1;-1;2020/14/04
Ciriè;001086;-1;57;-1;2020/14/04
Claviere;001087;-1;0;-1;2020/14/04
Coassolo Torinese;001088;-1;2;-1;2020/14/04
Coazze;001089;-1;2;-1;2020/14/04
Collegno;001090;-1;147;-1;2020/14/04
Colleretto Castelnuovo;001091;-1;0;-1;2020/14/04
Colleretto Giacosa;001092;-1;0;-1;2020/14/04
Condove;001093;-1;35;-1;2020/14/04
Corio;001094;-1;19;-1;2020/14/04
Cossano Canavese;001095;-1;2;-1;2020/14/04
Cuceglio;001096;-1;2;-1;2020/14/04
Cumiana;001097;-1;21;-1;2020/14/04
Cuorgnè;001098;-1;23;-1;2020/14/04
Druento;001099;-1;22;-1;2020/14/04
Exilles;001100;-1;0;-1;2020/14/04
Favria;001101;-1;18;-1;2020/14/04
Feletto;001102;-1;8;-1;2020/14/04
Fenestrelle;001103;-1;2;-1;2020/14/04
Fiano;001104;-1;4;-1;2020/14/04
Fiorano Canavese;001105;-1;0;-1;2020/14/04
Foglizzo;001106;-1;3;-1;2020/14/04
Forno Canavese;001107;-1;8;-1;2020/14/04
Frassinetto;001108;-1;0;-1;2020/14/04
Front;001109;-1;7;-1;2020/14/04
Frossasco;001110;-1;4;-1;2020/14/04
Garzigliana;001111;-1;0;-1;2020/14/04
Gassino Torinese;001112;-1;15;-1;2020/14/04
Germagnano;001113;-1;1;-1;2020/14/04
Giaglione;001114;-1;1;-1;2020/14/04
Giaveno;001115;-1;30;-1;2020/14/04
Givoletto;001116;-1;10;-1;2020/14/04
Gravere;001117;-1;3;-1;2020/14/04
Groscavallo;001118;-1;0;-1;2020/14/04
Grosso;001119;-1;2;-1;2020/14/04
Grugliasco;001120;-1;130;-1;2020/14/04
Ingria;001121;-1;0;-1;2020/14/04
Inverso Pinasca;001122;-1;4;-1;2020/14/04
Isolabella;001123;-1;1;-1;2020/14/04
Issiglio;001124;-1;0;-1;2020/14/04
Ivrea;001125;-1;38;-1;2020/14/04
La Cassa;001126;-1;4;-1;2020/14/04
La Loggia;001127;-1;25;-1;2020/14/04
Lanzo Torinese;001128;-1;15;-1;2020/14/04
Lauriano;001129;-1;25;-1;2020/14/04
Leini;001130;-1;41;-1;2020/14/04
Lemie;001131;-1;0;-1;2020/14/04
Lessolo;001132;-1;1;-1;2020/14/04
Levone;001133;-1;2;-1;2020/14/04
Locana;001134;-1;9;-1;2020/14/04
Lombardore;001135;-1;5;-1;2020/14/04
Lombriasco;001136;-1;2;-1;2020/14/04
Loranzè;001137;-1;1;-1;2020/14/04
Luserna San Giovanni;001139;-1;10;-1;2020/14/04
Lusernetta;001140;-1;0;-1;2020/14/04
Lusigliè;001141;-1;1;-1;2020/14/04
Macello;001142;-1;3;-1;2020/14/04
Maglione;001143;-1;0;-1;2020/14/04
Marentino;001144;-1;3;-1;2020/14/04
Massello;001145;-1;0;-1;2020/14/04
Mathi;001146;-1;7;-1;2020/14/04
Mattie;001147;-1;0;-1;2020/14/04
Mazzè;001148;-1;16;-1;2020/14/04
Meana di Susa;001149;-1;2;-1;2020/14/04
Mercenasco;001150;-1;1;-1;2020/14/04
Mezzenile;001152;-1;1;-1;2020/14/04
Mombello di Torino;001153;-1;1;-1;2020/14/04
Mompantero;001154;-1;1;-1;2020/14/04
Monastero di Lanzo;001155;-1;1;-1;2020/14/04
Moncalieri;001156;-1;251;-1;2020/14/04
Moncenisio;001157;-1;0;-1;2020/14/04
Montaldo Torinese;001158;-1;1;-1;2020/14/04
Montalenghe;001159;-1;1;-1;2020/14/04
Montalto Dora;001160;-1;4;-1;2020/14/04
Montanaro;001161;-1;8;-1;2020/14/04
Monteu da Po;001162;-1;4;-1;2020/14/04
Moriondo Torinese;001163;-1;2;-1;2020/14/04
Nichelino;001164;-1;173;-1;2020/14/04
Noasca;001165;-1;0;-1;2020/14/04
Nole;001166;-1;25;-1;2020/14/04
Nomaglio;001167;-1;0;-1;2020/14/04
None;001168;-1;20;-1;2020/14/04
Novalesa;001169;-1;0;-1;2020/14/04
Oglianico;001170;-1;4;-1;2020/14/04
Orbassano;001171;-1;75;-1;2020/14/04
Orio Canavese;001172;-1;0;-1;2020/14/04
Osasco;001173;-1;0;-1;2020/14/04
Osasio;001174;-1;0;-1;2020/14/04
Oulx;001175;-1;7;-1;2020/14/04
Ozegna;001176;-1;4;-1;2020/14/04
Palazzo Canavese;001177;-1;3;-1;2020/14/04
Pancalieri;001178;-1;1;-1;2020/14/04
Parella;001179;-1;0;-1;2020/14/04
Pavarolo;001180;-1;4;-1;2020/14/04
Pavone Canavese;001181;-1;15;-1;2020/14/04
Pecetto Torinese;001183;-1;12;-1;2020/14/04
Perosa Argentina;001184;-1;10;-1;2020/14/04
Perosa Canavese;001185;-1;1;-1;2020/14/04
Perrero;001186;-1;2;-1;2020/14/04
Pertusio;001187;-1;0;-1;2020/14/04
Pessinetto;001188;-1;2;-1;2020/14/04
Pianezza;001189;-1;36;-1;2020/14/04
Pinasca;001190;-1;13;-1;2020/14/04
Pinerolo;001191;-1;118;-1;2020/14/04
Pino Torinese;001192;-1;23;-1;2020/14/04
Piobesi Torinese;001193;-1;6;-1;2020/14/04
Piossasco;001194;-1;39;-1;2020/14/04
Piscina;001195;-1;9;-1;2020/14/04
Piverone;001196;-1;6;-1;2020/14/04
Poirino;001197;-1;50;-1;2020/14/04
Pomaretto;001198;-1;4;-1;2020/14/04
Pont-Canavese;001199;-1;4;-1;2020/14/04
Porte;001200;-1;2;-1;2020/14/04
Pragelato;001201;-1;5;-1;2020/14/04
Prali;001202;-1;0;-1;2020/14/04
Pralormo;001203;-1;14;-1;2020/14/04
Pramollo;001204;-1;1;-1;2020/14/04
Prarostino;001205;-1;0;-1;2020/14/04
Prascorsano;001206;-1;2;-1;2020/14/04
Pratiglione;001207;-1;1;-1;2020/14/04
Quagliuzzo;001208;-1;0;-1;2020/14/04
Quassolo;001209;-1;0;-1;2020/14/04
Quincinetto;001210;-1;4;-1;2020/14/04
Reano;001211;-1;5;-1;2020/14/04
Ribordone;001212;-1;0;-1;2020/14/04
Rivalba;001213;-1;5;-1;2020/14/04
Rivalta di Torino;001214;-1;33;-1;2020/14/04
Riva presso Chieri;001215;-1;5;-1;2020/14/04
Rivara;001216;-1;5;-1;2020/14/04
Rivarolo Canavese;001217;-1;57;-1;2020/14/04
Rivarossa;001218;-1;6;-1;2020/14/04
Rivoli;001219;-1;160;-1;2020/14/04
Robassomero;001220;-1;9;-1;2020/14/04
Rocca Canavese;001221;-1;4;-1;2020/14/04
Roletto;001222;-1;3;-1;2020/14/04
Romano Canavese;001223;-1;4;-1;2020/14/04
Ronco Canavese;001224;-1;0;-1;2020/14/04
Rondissone;001225;-1;1;-1;2020/14/04
Rorà;001226;-1;0;-1;2020/14/04
Roure;001227;-1;1;-1;2020/14/04
Rosta;001228;-1;9;-1;2020/14/04
Rubiana;001229;-1;4;-1;2020/14/04
Rueglio;001230;-1;1;-1;2020/14/04
Salassa;001231;-1;2;-1;2020/14/04
Salbertrand;001232;-1;3;-1;2020/14/04
Salerano Canavese;001233;-1;1;-1;2020/14/04
Salza di Pinerolo;001234;-1;0;-1;2020/14/04
Samone;001235;-1;3;-1;2020/14/04
San Benigno Canavese;001236;-1;8;-1;2020/14/04
San Carlo Canavese;001237;-1;16;-1;2020/14/04
San Colombano Belmonte;001238;-1;3;-1;2020/14/04
San Didero;001239;-1;2;-1;2020/14/04
San Francesco al Campo;001240;-1;12;-1;2020/14/04
Sangano;001241;-1;5;-1;2020/14/04
San Germano Chisone;001242;-1;2;-1;2020/14/04
San Gillio;001243;-1;6;-1;2020/14/04
San Giorgio Canavese;001244;-1;6;-1;2020/14/04
San Giorio di Susa;001245;-1;0;-1;2020/14/04
San Giusto Canavese;001246;-1;1;-1;2020/14/04
San Martino Canavese;001247;-1;0;-1;2020/14/04
San Maurizio Canavese;001248;-1;55;-1;2020/14/04
San Mauro Torinese;001249;-1;102;-1;2020/14/04
San Pietro Val Lemina;001250;-1;2;-1;2020/14/04
San Ponso;001251;-1;0;-1;2020/14/04
San Raffaele Cimena;001252;-1;16;-1;2020/14/04
San Sebastiano da Po;001253;-1;2;-1;2020/14/04
San Secondo di Pinerolo;001254;-1;8;-1;2020/14/04
Sant'Ambrogio di Torino;001255;-1;6;-1;2020/14/04
Sant'Antonino di Susa;001256;-1;9;-1;2020/14/04
Santena;001257;-1;30;-1;2020/14/04
Sauze di Cesana;001258;-1;0;-1;2020/14/04
Sauze d'Oulx;001259;-1;7;-1;2020/14/04
Scalenghe;001260;-1;6;-1;2020/14/04
Scarmagno;001261;-1;7;-1;2020/14/04
Sciolze;001262;-1;4;-1;2020/14/04
Sestriere;001263;-1;1;-1;2020/14/04
Settimo Rottaro;001264;-1;0;-1;2020/14/04
Settimo Torinese;001265;-1;161;-1;2020/14/04
Settimo Vittone;001266;-1;1;-1;2020/14/04
Sparone;001267;-1;2;-1;2020/14/04
Strambinello;001268;-1;0;-1;2020/14/04
Strambino;001269;-1;0;-1;2020/14/04
Susa;001270;-1;36;-1;2020/14/04
Tavagnasco;001271;-1;0;-1;2020/14/04
Torino;001272;-1;2550;-1;2020/14/04
Torrazza Piemonte;001273;-1;11;-1;2020/14/04
Torre Canavese;001274;-1;2;-1;2020/14/04
Torre Pellice;001275;-1;7;-1;2020/14/04
Trana;001276;-1;15;-1;2020/14/04
Traversella;001278;-1;0;-1;2020/14/04
Traves;001279;-1;1;-1;2020/14/04
Trofarello;001280;-1;59;-1;2020/14/04
Usseaux;001281;-1;0;-1;2020/14/04
Usseglio;001282;-1;0;-1;2020/14/04
Vaie;001283;-1;3;-1;2020/14/04
Val della Torre;001284;-1;9;-1;2020/14/04
Valgioie;001285;-1;0;-1;2020/14/04
Vallo Torinese;001286;-1;2;-1;2020/14/04
Valperga;001287;-1;5;-1;2020/14/04
Valprato Soana;001288;-1;0;-1;2020/14/04
Varisella;001289;-1;1;-1;2020/14/04
Vauda Canavese;001290;-1;1;-1;2020/14/04
Venaus;001291;-1;1;-1;2020/14/04
Venaria Reale;001292;-1;104;-1;2020/14/04
Verolengo;001293;-1;10;-1;2020/14/04
Verrua Savoia;001294;-1;3;-1;2020/14/04
Vestignè;001295;-1;2;-1;2020/14/04
Vialfrè;001296;-1;0;-1;2020/14/04
Vidracco;001298;-1;1;-1;2020/14/04
Vigone;001299;-1;2;-1;2020/14/04
Villafranca Piemonte;001300;-1;11;-1;2020/14/04
Villanova Canavese;001301;-1;2;-1;2020/14/04
Villarbasse;001302;-1;5;-1;2020/14/04
Villar Dora;001303;-1;5;-1;2020/14/04
Villareggia;001304;-1;7;-1;2020/14/04
Villar Focchiardo;001305;-1;5;-1;2020/14/04
Villar Pellice;001306;-1;1;-1;2020/14/04
Villar Perosa;001307;-1;9;-1;2020/14/04
Villastellone;001308;-1;17;-1;2020/14/04
Vinovo;001309;-1;53;-1;2020/14/04
Virle Piemonte;001310;-1;3;-1;2020/14/04
Vische;001311;-1;3;-1;2020/14/04
Vistrorio;001312;-1;1;-1;2020/14/04
Viù;001313;-1;1;-1;2020/14/04
Volpiano;001314;-1;102;-1;2020/14/04
Volvera;001315;-1;16;-1;2020/14/04
Mappano;001316;-1;33;-1;2020/14/04
Val di Chy;001317;-1;2;-1;2020/14/04
Valchiusa;001318;-1;27;-1;2020/14/04
Alagna Valsesia;002002;-1;4;-1;2020/14/04
Albano Vercellese;002003;-1;4;-1;2020/14/04
Alice Castello;002004;-1;5;-1;2020/14/04
Arborio;002006;-1;5;-1;2020/14/04
Asigliano Vercellese;002007;-1;2;-1;2020/14/04
Balmuccia;002008;-1;0;-1;2020/14/04
Balocco;002009;-1;0;-1;2020/14/04
Bianzè;002011;-1;5;-1;2020/14/04
Boccioleto;002014;-1;0;-1;2020/14/04
Borgo d'Ale;002015;-1;4;-1;2020/14/04
Borgosesia;002016;-1;36;-1;2020/14/04
Borgo Vercelli;002017;-1;6;-1;2020/14/04
Buronzo;002021;-1;4;-1;2020/14/04
Campertogno;002025;-1;0;-1;2020/14/04
Carcoforo;002029;-1;0;-1;2020/14/04
Caresana;002030;-1;4;-1;2020/14/04
Caresanablot;002031;-1;7;-1;2020/14/04
Carisio;002032;-1;1;-1;2020/14/04
Casanova Elvo;002033;-1;1;-1;2020/14/04
San Giacomo Vercellese;002035;-1;0;-1;2020/14/04
Cervatto;002041;-1;0;-1;2020/14/04
Cigliano;002042;-1;51;-1;2020/14/04
Civiasco;002043;-1;0;-1;2020/14/04
Collobiano;002045;-1;1;-1;2020/14/04
Costanzana;002047;-1;31;-1;2020/14/04
Cravagliana;002048;-1;0;-1;2020/14/04
Crescentino;002049;-1;35;-1;2020/14/04
Crova;002052;-1;1;-1;2020/14/04
Desana;002054;-1;16;-1;2020/14/04
Fobello;002057;-1;0;-1;2020/14/04
Fontanetto Po;002058;-1;1;-1;2020/14/04
Formigliana;002059;-1;1;-1;2020/14/04
Gattinara;002061;-1;18;-1;2020/14/04
Ghislarengo;002062;-1;3;-1;2020/14/04
Greggio;002065;-1;3;-1;2020/14/04
Guardabosone;002066;-1;1;-1;2020/14/04
Lamporo;002067;-1;3;-1;2020/14/04
Lenta;002068;-1;0;-1;2020/14/04
Lignana;002070;-1;2;-1;2020/14/04
Livorno Ferraris;002071;-1;13;-1;2020/14/04
Lozzolo;002072;-1;10;-1;2020/14/04
Mollia;002078;-1;0;-1;2020/14/04
Moncrivello;002079;-1;15;-1;2020/14/04
Motta de' Conti;002082;-1;2;-1;2020/14/04
Olcenengo;002088;-1;12;-1;2020/14/04
Oldenico;002089;-1;1;-1;2020/14/04
Palazzolo Vercellese;002090;-1;1;-1;2020/14/04
Pertengo;002091;-1;1;-1;2020/14/04
Pezzana;002093;-1;4;-1;2020/14/04
Pila;002096;-1;0;-1;2020/14/04
Piode;002097;-1;0;-1;2020/14/04
Postua;002102;-1;1;-1;2020/14/04
Prarolo;002104;-1;1;-1;2020/14/04
Quarona;002107;-1;9;-1;2020/14/04
Quinto Vercellese;002108;-1;2;-1;2020/14/04
Rassa;002110;-1;0;-1;2020/14/04
Rimella;002113;-1;0;-1;2020/14/04
Rive;002115;-1;0;-1;2020/14/04
Roasio;002116;-1;6;-1;2020/14/04
Ronsecco;002118;-1;3;-1;2020/14/04
Rossa;002121;-1;1;-1;2020/14/04
Rovasenda;002122;-1;1;-1;2020/14/04
Salasco;002126;-1;0;-1;2020/14/04
Sali Vercellese;002127;-1;0;-1;2020/14/04
Saluggia;002128;-1;9;-1;2020/14/04
San Germano Vercellese;002131;-1;2;-1;2020/14/04
Santhià;002133;-1;19;-1;2020/14/04
Scopa;002134;-1;0;-1;2020/14/04
Scopello;002135;-1;1;-1;2020/14/04
Serravalle Sesia;002137;-1;12;-1;2020/14/04
Stroppiana;002142;-1;3;-1;2020/14/04
Tricerro;002147;-1;3;-1;2020/14/04
Trino;002148;-1;22;-1;2020/14/04
Tronzano Vercellese;002150;-1;7;-1;2020/14/04
Valduggia;002152;-1;8;-1;2020/14/04
Varallo;002156;-1;13;-1;2020/14/04
Vercelli;002158;-1;262;-1;2020/14/04
Villarboit;002163;-1;2;-1;2020/14/04
Villata;002164;-1;6;-1;2020/14/04
Vocca;002166;-1;0;-1;2020/14/04
Alto Sermenza;002170;-1;0;-1;2020/14/04
Cellio con Breia;002171;-1;3;-1;2020/14/04
Agrate Conturbia;003001;-1;2;-1;2020/14/04
Ameno;003002;-1;1;-1;2020/14/04
Armeno;003006;-1;1;-1;2020/14/04
Arona;003008;-1;34;-1;2020/14/04
Barengo;003012;-1;1;-1;2020/14/04
Bellinzago Novarese;003016;-1;28;-1;2020/14/04
Biandrate;003018;-1;14;-1;2020/14/04
Boca;003019;-1;2;-1;2020/14/04
Bogogno;003021;-1;5;-1;2020/14/04
Bolzano Novarese;003022;-1;5;-1;2020/14/04
Borgolavezzaro;003023;-1;60;-1;2020/14/04
Borgomanero;003024;-1;124;-1;2020/14/04
Borgo Ticino;003025;-1;10;-1;2020/14/04
Briga Novarese;003026;-1;11;-1;2020/14/04
Briona;003027;-1;4;-1;2020/14/04
Caltignaga;003030;-1;0;-1;2020/14/04
Cameri;003032;-1;65;-1;2020/14/04
Carpignano Sesia;003036;-1;5;-1;2020/14/04
Casalbeltrame;003037;-1;7;-1;2020/14/04
Casaleggio Novara;003039;-1;5;-1;2020/14/04
Casalino;003040;-1;10;-1;2020/14/04
Casalvolone;003041;-1;2;-1;2020/14/04
Castellazzo Novarese;003042;-1;0;-1;2020/14/04
Castelletto sopra Ticino;003043;-1;10;-1;2020/14/04
Cavaglietto;003044;-1;0;-1;2020/14/04
Cavaglio d'Agogna;003045;-1;3;-1;2020/14/04
Cavallirio;003047;-1;17;-1;2020/14/04
Cerano;003049;-1;19;-1;2020/14/04
Colazza;003051;-1;0;-1;2020/14/04
Comignago;003052;-1;2;-1;2020/14/04
Cressa;003055;-1;2;-1;2020/14/04
Cureggio;003058;-1;7;-1;2020/14/04
Divignano;003060;-1;2;-1;2020/14/04
Dormelletto;003062;-1;69;-1;2020/14/04
Fara Novarese;003065;-1;13;-1;2020/14/04
Fontaneto d'Agogna;003066;-1;2;-1;2020/14/04
Galliate;003068;-1;48;-1;2020/14/04
Garbagna Novarese;003069;-1;8;-1;2020/14/04
Gargallo;003070;-1;7;-1;2020/14/04
Ghemme;003073;-1;43;-1;2020/14/04
Gozzano;003076;-1;11;-1;2020/14/04
Granozzo con Monticello;003077;-1;5;-1;2020/14/04
Grignasco;003079;-1;2;-1;2020/14/04
Invorio;003082;-1;45;-1;2020/14/04
Landiona;003083;-1;0;-1;2020/14/04
Lesa;003084;-1;5;-1;2020/14/04
Maggiora;003088;-1;7;-1;2020/14/04
Mandello Vitta;003090;-1;3;-1;2020/14/04
Marano Ticino;003091;-1;2;-1;2020/14/04
Massino Visconti;003093;-1;0;-1;2020/14/04
Meina;003095;-1;9;-1;2020/14/04
Mezzomerico;003097;-1;3;-1;2020/14/04
Miasino;003098;-1;4;-1;2020/14/04
Momo;003100;-1;12;-1;2020/14/04
Nebbiuno;003103;-1;8;-1;2020/14/04
Nibbiola;003104;-1;3;-1;2020/14/04
Novara;003106;-1;515;-1;2020/14/04
Oleggio;003108;-1;62;-1;2020/14/04
Oleggio Castello;003109;-1;5;-1;2020/14/04
Orta San Giulio;003112;-1;15;-1;2020/14/04
Paruzzaro;003114;-1;2;-1;2020/14/04
Pella;003115;-1;3;-1;2020/14/04
Pettenasco;003116;-1;5;-1;2020/14/04
Pisano;003119;-1;2;-1;2020/14/04
Pogno;003120;-1;24;-1;2020/14/04
Pombia;003121;-1;7;-1;2020/14/04
Prato Sesia;003122;-1;7;-1;2020/14/04
Recetto;003129;-1;5;-1;2020/14/04
Romagnano Sesia;003130;-1;13;-1;2020/14/04
Romentino;003131;-1;18;-1;2020/14/04
San Maurizio d'Opaglio;003133;-1;12;-1;2020/14/04
San Nazzaro Sesia;003134;-1;3;-1;2020/14/04
San Pietro Mosezzo;003135;-1;5;-1;2020/14/04
Sillavengo;003138;-1;1;-1;2020/14/04
Sizzano;003139;-1;7;-1;2020/14/04
Soriso;003140;-1;0;-1;2020/14/04
Sozzago;003141;-1;3;-1;2020/14/04
Suno;003143;-1;9;-1;2020/14/04
Terdobbiate;003144;-1;1;-1;2020/14/04
Tornaco;003146;-1;4;-1;2020/14/04
Trecate;003149;-1;77;-1;2020/14/04
Vaprio d'Agogna;003153;-1;5;-1;2020/14/04
Varallo Pombia;003154;-1;4;-1;2020/14/04
Vespolate;003158;-1;5;-1;2020/14/04
Vicolungo;003159;-1;5;-1;2020/14/04
Vinzaglio;003164;-1;0;-1;2020/14/04
Gattico-Veruno;003166;-1;22;-1;2020/14/04
Acceglio;004001;-1;0;-1;2020/14/04
Aisone;004002;-1;0;-1;2020/14/04
Alba;004003;-1;43;-1;2020/14/04
Albaretto della Torre;004004;-1;0;-1;2020/14/04
Alto;004005;-1;0;-1;2020/14/04
Argentera;004006;-1;0;-1;2020/14/04
Arguello;004007;-1;0;-1;2020/14/04
Bagnasco;004008;-1;1;-1;2020/14/04
Bagnolo Piemonte;004009;-1;13;-1;2020/14/04
Baldissero d'Alba;004010;-1;0;-1;2020/14/04
Barbaresco;004011;-1;0;-1;2020/14/04
Barge;004012;-1;16;-1;2020/14/04
Barolo;004013;-1;1;-1;2020/14/04
Bastia Mondovì;004014;-1;0;-1;2020/14/04
Battifollo;004015;-1;0;-1;2020/14/04
Beinette;004016;-1;7;-1;2020/14/04
Bellino;004017;-1;0;-1;2020/14/04
Belvedere Langhe;004018;-1;0;-1;2020/14/04
Bene Vagienna;004019;-1;2;-1;2020/14/04
Benevello;004020;-1;0;-1;2020/14/04
Bergolo;004021;-1;0;-1;2020/14/04
Bernezzo;004022;-1;8;-1;2020/14/04
Bonvicino;004023;-1;0;-1;2020/14/04
Borgomale;004024;-1;0;-1;2020/14/04
Borgo San Dalmazzo;004025;-1;29;-1;2020/14/04
Bosia;004026;-1;0;-1;2020/14/04
Bossolasco;004027;-1;0;-1;2020/14/04
Boves;004028;-1;26;-1;2020/14/04
Bra;004029;-1;99;-1;2020/14/04
Briaglia;004030;-1;0;-1;2020/14/04
Briga Alta;004031;-1;0;-1;2020/14/04
Brondello;004032;-1;0;-1;2020/14/04
Brossasco;004033;-1;2;-1;2020/14/04
Busca;004034;-1;9;-1;2020/14/04
Camerana;004035;-1;0;-1;2020/14/04
Canale;004037;-1;37;-1;2020/14/04
Canosio;004038;-1;0;-1;2020/14/04
Caprauna;004039;-1;0;-1;2020/14/04
Caraglio;004040;-1;20;-1;2020/14/04
Caramagna Piemonte;004041;-1;12;-1;2020/14/04
Cardè;004042;-1;3;-1;2020/14/04
Carrù;004043;-1;8;-1;2020/14/04
Cartignano;004044;-1;0;-1;2020/14/04
Casalgrasso;004045;-1;2;-1;2020/14/04
Castagnito;004046;-1;1;-1;2020/14/04
Casteldelfino;004047;-1;0;-1;2020/14/04
Castelletto Stura;004049;-1;3;-1;2020/14/04
Castelletto Uzzone;004050;-1;0;-1;2020/14/04
Castellinaldo d'Alba;004051;-1;2;-1;2020/14/04
Castellino Tanaro;004052;-1;1;-1;2020/14/04
Castelmagno;004053;-1;0;-1;2020/14/04
Castelnuovo di Ceva;004054;-1;0;-1;2020/14/04
Castiglione Falletto;004055;-1;0;-1;2020/14/04
Castiglione Tinella;004056;-1;0;-1;2020/14/04
Castino;004057;-1;0;-1;2020/14/04
Cavallerleone;004058;-1;3;-1;2020/14/04
Cavallermaggiore;004059;-1;45;-1;2020/14/04
Celle di Macra;004060;-1;0;-1;2020/14/04
Centallo;004061;-1;12;-1;2020/14/04
Ceresole Alba;004062;-1;4;-1;2020/14/04
Cerretto Langhe;004063;-1;0;-1;2020/14/04
Cervasca;004064;-1;13;-1;2020/14/04
Cervere;004065;-1;3;-1;2020/14/04
Ceva;004066;-1;6;-1;2020/14/04
Cherasco;004067;-1;13;-1;2020/14/04
Chiusa di Pesio;004068;-1;6;-1;2020/14/04
Cigliè;004069;-1;1;-1;2020/14/04
Cissone;004070;-1;1;-1;2020/14/04
Clavesana;004071;-1;0;-1;2020/14/04
Corneliano d'Alba;004072;-1;4;-1;2020/14/04
Cortemilia;004073;-1;2;-1;2020/14/04
Cossano Belbo;004074;-1;1;-1;2020/14/04
Costigliole Saluzzo;004075;-1;4;-1;2020/14/04
Cravanzana;004076;-1;0;-1;2020/14/04
Crissolo;004077;-1;0;-1;2020/14/04
Cuneo;004078;-1;150;-1;2020/14/04
Demonte;004079;-1;1;-1;2020/14/04
Diano d'Alba;004080;-1;3;-1;2020/14/04
Dogliani;004081;-1;4;-1;2020/14/04
Dronero;004082;-1;8;-1;2020/14/04
Elva;004083;-1;0;-1;2020/14/04
Entracque;004084;-1;0;-1;2020/14/04
Envie;004085;-1;3;-1;2020/14/04
Farigliano;004086;-1;4;-1;2020/14/04
Faule;004087;-1;0;-1;2020/14/04
Feisoglio;004088;-1;1;-1;2020/14/04
Fossano;004089;-1;54;-1;2020/14/04
Frabosa Soprana;004090;-1;1;-1;2020/14/04
Frabosa Sottana;004091;-1;1;-1;2020/14/04
Frassino;004092;-1;0;-1;2020/14/04
Gaiola;004093;-1;0;-1;2020/14/04
Gambasca;004094;-1;3;-1;2020/14/04
Garessio;004095;-1;20;-1;2020/14/04
Genola;004096;-1;3;-1;2020/14/04
Gorzegno;004097;-1;0;-1;2020/14/04
Gottasecca;004098;-1;0;-1;2020/14/04
Govone;004099;-1;41;-1;2020/14/04
Grinzane Cavour;004100;-1;2;-1;2020/14/04
Guarene;004101;-1;10;-1;2020/14/04
Igliano;004102;-1;0;-1;2020/14/04
Isasca;004103;-1;0;-1;2020/14/04
Lagnasco;004104;-1;2;-1;2020/14/04
La Morra;004105;-1;5;-1;2020/14/04
Lequio Berria;004106;-1;0;-1;2020/14/04
Lequio Tanaro;004107;-1;1;-1;2020/14/04
Lesegno;004108;-1;1;-1;2020/14/04
Levice;004109;-1;0;-1;2020/14/04
Limone Piemonte;004110;-1;0;-1;2020/14/04
Lisio;004111;-1;0;-1;2020/14/04
Macra;004112;-1;0;-1;2020/14/04
Magliano Alfieri;004113;-1;2;-1;2020/14/04
Magliano Alpi;004114;-1;3;-1;2020/14/04
Mango;004115;-1;2;-1;2020/14/04
Manta;004116;-1;8;-1;2020/14/04
Marene;004117;-1;26;-1;2020/14/04
Margarita;004118;-1;1;-1;2020/14/04
Marmora;004119;-1;0;-1;2020/14/04
Marsaglia;004120;-1;0;-1;2020/14/04
Martiniana Po;004121;-1;2;-1;2020/14/04
Melle;004122;-1;0;-1;2020/14/04
Moiola;004123;-1;1;-1;2020/14/04
Mombarcaro;004124;-1;0;-1;2020/14/04
Mombasiglio;004125;-1;0;-1;2020/14/04
Monastero di Vasco;004126;-1;2;-1;2020/14/04
Monasterolo Casotto;004127;-1;0;-1;2020/14/04
Monasterolo di Savigliano;004128;-1;2;-1;2020/14/04
Monchiero;004129;-1;0;-1;2020/14/04
Mondovì;004130;-1;110;-1;2020/14/04
Monesiglio;004131;-1;0;-1;2020/14/04
Monforte d'Alba;004132;-1;0;-1;2020/14/04
Montà;004133;-1;6;-1;2020/14/04
Montaldo di Mondovì;004134;-1;0;-1;2020/14/04
Montaldo Roero;004135;-1;0;-1;2020/14/04
Montanera;004136;-1;1;-1;2020/14/04
Montelupo Albese;004137;-1;0;-1;2020/14/04
Montemale di Cuneo;004138;-1;0;-1;2020/14/04
Monterosso Grana;004139;-1;1;-1;2020/14/04
Monteu Roero;004140;-1;3;-1;2020/14/04
Montezemolo;004141;-1;0;-1;2020/14/04
Monticello d'Alba;004142;-1;0;-1;2020/14/04
Moretta;004143;-1;5;-1;2020/14/04
Morozzo;004144;-1;5;-1;2020/14/04
Murazzano;004145;-1;0;-1;2020/14/04
Murello;004146;-1;1;-1;2020/14/04
Narzole;004147;-1;4;-1;2020/14/04
Neive;004148;-1;4;-1;2020/14/04
Neviglie;004149;-1;0;-1;2020/14/04
Niella Belbo;004150;-1;0;-1;2020/14/04
Niella Tanaro;004151;-1;2;-1;2020/14/04
Novello;004152;-1;1;-1;2020/14/04
Nucetto;004153;-1;0;-1;2020/14/04
Oncino;004154;-1;0;-1;2020/14/04
Ormea;004155;-1;2;-1;2020/14/04
Ostana;004156;-1;0;-1;2020/14/04
Paesana;004157;-1;10;-1;2020/14/04
Pagno;004158;-1;1;-1;2020/14/04
Pamparato;004159;-1;0;-1;2020/14/04
Paroldo;004160;-1;0;-1;2020/14/04
Perletto;004161;-1;2;-1;2020/14/04
Perlo;004162;-1;1;-1;2020/14/04
Peveragno;004163;-1;15;-1;2020/14/04
Pezzolo Valle Uzzone;004164;-1;0;-1;2020/14/04
Pianfei;004165;-1;1;-1;2020/14/04
Piasco;004166;-1;6;-1;2020/14/04
Pietraporzio;004167;-1;0;-1;2020/14/04
Piobesi d'Alba;004168;-1;0;-1;2020/14/04
Piozzo;004169;-1;0;-1;2020/14/04
Pocapaglia;004170;-1;14;-1;2020/14/04
Polonghera;004171;-1;4;-1;2020/14/04
Pontechianale;004172;-1;0;-1;2020/14/04
Pradleves;004173;-1;1;-1;2020/14/04
Prazzo;004174;-1;0;-1;2020/14/04
Priero;004175;-1;0;-1;2020/14/04
Priocca;004176;-1;30;-1;2020/14/04
Priola;004177;-1;4;-1;2020/14/04
Prunetto;004178;-1;2;-1;2020/14/04
Racconigi;004179;-1;27;-1;2020/14/04
Revello;004180;-1;11;-1;2020/14/04
Rifreddo;004181;-1;2;-1;2020/14/04
Rittana;004182;-1;0;-1;2020/14/04
Roaschia;004183;-1;1;-1;2020/14/04
Roascio;004184;-1;0;-1;2020/14/04
Robilante;004185;-1;5;-1;2020/14/04
Roburent;004186;-1;0;-1;2020/14/04
Roccabruna;004187;-1;3;-1;2020/14/04
Rocca Cigliè;004188;-1;1;-1;2020/14/04
Rocca de' Baldi;004189;-1;2;-1;2020/14/04
Roccaforte Mondovì;004190;-1;27;-1;2020/14/04
Roccasparvera;004191;-1;0;-1;2020/14/04
Roccavione;004192;-1;32;-1;2020/14/04
Rocchetta Belbo;004193;-1;0;-1;2020/14/04
Roddi;004194;-1;7;-1;2020/14/04
Roddino;004195;-1;2;-1;2020/14/04
Rodello;004196;-1;0;-1;2020/14/04
Rossana;004197;-1;1;-1;2020/14/04
Ruffia;004198;-1;0;-1;2020/14/04
Sale delle Langhe;004199;-1;1;-1;2020/14/04
Sale San Giovanni;004200;-1;0;-1;2020/14/04
Saliceto;004201;-1;2;-1;2020/14/04
Salmour;004202;-1;1;-1;2020/14/04
Saluzzo;004203;-1;16;-1;2020/14/04
Sambuco;004204;-1;0;-1;2020/14/04
Sampeyre;004205;-1;0;-1;2020/14/04
San Benedetto Belbo;004206;-1;0;-1;2020/14/04
San Damiano Macra;004207;-1;0;-1;2020/14/04
Sanfrè;004208;-1;4;-1;2020/14/04
Sanfront;004209;-1;30;-1;2020/14/04
San Michele Mondovì;004210;-1;1;-1;2020/14/04
Sant'Albano Stura;004211;-1;7;-1;2020/14/04
Santa Vittoria d'Alba;004212;-1;8;-1;2020/14/04
Santo Stefano Belbo;004213;-1;10;-1;2020/14/04
Santo Stefano Roero;004214;-1;4;-1;2020/14/04
Savigliano;004215;-1;39;-1;2020/14/04
Scagnello;004216;-1;0;-1;2020/14/04
Scarnafigi;004217;-1;7;-1;2020/14/04
Serralunga d'Alba;004218;-1;1;-1;2020/14/04
Serravalle Langhe;004219;-1;0;-1;2020/14/04
Sinio;004220;-1;0;-1;2020/14/04
Somano;004221;-1;1;-1;2020/14/04
Sommariva del Bosco;004222;-1;51;-1;2020/14/04
Sommariva Perno;004223;-1;9;-1;2020/14/04
Stroppo;004224;-1;0;-1;2020/14/04
Tarantasca;004225;-1;4;-1;2020/14/04
Torre Bormida;004226;-1;0;-1;2020/14/04
Torre Mondovì;004227;-1;0;-1;2020/14/04
Torre San Giorgio;004228;-1;0;-1;2020/14/04
Torresina;004229;-1;0;-1;2020/14/04
Treiso;004230;-1;2;-1;2020/14/04
Trezzo Tinella;004231;-1;0;-1;2020/14/04
Trinità;004232;-1;4;-1;2020/14/04
Valdieri;004233;-1;0;-1;2020/14/04
Valgrana;004234;-1;0;-1;2020/14/04
Valloriate;004235;-1;0;-1;2020/14/04
Venasca;004237;-1;1;-1;2020/14/04
Verduno;004238;-1;1;-1;2020/14/04
Vernante;004239;-1;2;-1;2020/14/04
Verzuolo;004240;-1;7;-1;2020/14/04
Vezza d'Alba;004241;-1;14;-1;2020/14/04
Vicoforte;004242;-1;7;-1;2020/14/04
Vignolo;004243;-1;5;-1;2020/14/04
Villafalletto;004244;-1;5;-1;2020/14/04
Villanova Mondovì;004245;-1;59;-1;2020/14/04
Villanova Solaro;004246;-1;0;-1;2020/14/04
Villar San Costanzo;004247;-1;0;-1;2020/14/04
Vinadio;004248;-1;0;-1;2020/14/04
Viola;004249;-1;0;-1;2020/14/04
Vottignasco;004250;-1;0;-1;2020/14/04
Agliano Terme;005001;-1;0;-1;2020/14/04
Albugnano;005002;-1;4;-1;2020/14/04
Antignano;005003;-1;9;-1;2020/14/04
Aramengo;005004;-1;0;-1;2020/14/04
Asti;005005;-1;304;-1;2020/14/04
Azzano d'Asti;005006;-1;0;-1;2020/14/04
Baldichieri d'Asti;005007;-1;0;-1;2020/14/04
Belveglio;005008;-1;2;-1;2020/14/04
Berzano di San Pietro;005009;-1;1;-1;2020/14/04
Bruno;005010;-1;0;-1;2020/14/04
Bubbio;005011;-1;1;-1;2020/14/04
Buttigliera d'Asti;005012;-1;2;-1;2020/14/04
Calamandrana;005013;-1;4;-1;2020/14/04
Calliano;005014;-1;5;-1;2020/14/04
Calosso;005015;-1;0;-1;2020/14/04
Camerano Casasco;005016;-1;4;-1;2020/14/04
Canelli;005017;-1;18;-1;2020/14/04
Cantarana;005018;-1;0;-1;2020/14/04
Capriglio;005019;-1;0;-1;2020/14/04
Casorzo;005020;-1;2;-1;2020/14/04
Cassinasco;005021;-1;0;-1;2020/14/04
Castagnole delle Lanze;005022;-1;15;-1;2020/14/04
Castagnole Monferrato;005023;-1;1;-1;2020/14/04
Castel Boglione;005024;-1;2;-1;2020/14/04
Castell'Alfero;005025;-1;15;-1;2020/14/04
Castellero;005026;-1;0;-1;2020/14/04
Castelletto Molina;005027;-1;0;-1;2020/14/04
Castello di Annone;005028;-1;7;-1;2020/14/04
Castelnuovo Belbo;005029;-1;0;-1;2020/14/04
Castelnuovo Calcea;005030;-1;1;-1;2020/14/04
Castelnuovo Don Bosco;005031;-1;7;-1;2020/14/04
Castel Rocchero;005032;-1;4;-1;2020/14/04
Cellarengo;005033;-1;3;-1;2020/14/04
Celle Enomondo;005034;-1;5;-1;2020/14/04
Cerreto d'Asti;005035;-1;1;-1;2020/14/04
Cerro Tanaro;005036;-1;2;-1;2020/14/04
Cessole;005037;-1;0;-1;2020/14/04
Chiusano d'Asti;005038;-1;0;-1;2020/14/04
Cinaglio;005039;-1;5;-1;2020/14/04
Cisterna d'Asti;005040;-1;6;-1;2020/14/04
Coazzolo;005041;-1;0;-1;2020/14/04
Cocconato;005042;-1;4;-1;2020/14/04
Corsione;005044;-1;0;-1;2020/14/04
Cortandone;005045;-1;0;-1;2020/14/04
Cortanze;005046;-1;1;-1;2020/14/04
Cortazzone;005047;-1;0;-1;2020/14/04
Cortiglione;005048;-1;2;-1;2020/14/04
Cossombrato;005049;-1;0;-1;2020/14/04
Costigliole d'Asti;005050;-1;12;-1;2020/14/04
Cunico;005051;-1;0;-1;2020/14/04
Dusino San Michele;005052;-1;4;-1;2020/14/04
Ferrere;005053;-1;6;-1;2020/14/04
Fontanile;005054;-1;4;-1;2020/14/04
Frinco;005055;-1;2;-1;2020/14/04
Grana;005056;-1;25;-1;2020/14/04
Grazzano Badoglio;005057;-1;1;-1;2020/14/04
Incisa Scapaccino;005058;-1;3;-1;2020/14/04
Isola d'Asti;005059;-1;7;-1;2020/14/04
Loazzolo;005060;-1;0;-1;2020/14/04
Maranzana;005061;-1;0;-1;2020/14/04
Maretto;005062;-1;0;-1;2020/14/04
Moasca;005063;-1;0;-1;2020/14/04
Mombaldone;005064;-1;0;-1;2020/14/04
Mombaruzzo;005065;-1;3;-1;2020/14/04
Mombercelli;005066;-1;8;-1;2020/14/04
Monale;005067;-1;2;-1;2020/14/04
Monastero Bormida;005068;-1;0;-1;2020/14/04
Moncalvo;005069;-1;32;-1;2020/14/04
Moncucco Torinese;005070;-1;2;-1;2020/14/04
Mongardino;005071;-1;0;-1;2020/14/04
Montabone;005072;-1;0;-1;2020/14/04
Montafia;005073;-1;1;-1;2020/14/04
Montaldo Scarampi;005074;-1;0;-1;2020/14/04
Montechiaro d'Asti;005075;-1;9;-1;2020/14/04
Montegrosso d'Asti;005076;-1;2;-1;2020/14/04
Montemagno;005077;-1;6;-1;2020/14/04
Moransengo;005079;-1;0;-1;2020/14/04
Nizza Monferrato;005080;-1;15;-1;2020/14/04
Olmo Gentile;005081;-1;0;-1;2020/14/04
Passerano Marmorito;005082;-1;0;-1;2020/14/04
Penango;005083;-1;1;-1;2020/14/04
Piea;005084;-1;1;-1;2020/14/04
Pino d'Asti;005085;-1;0;-1;2020/14/04
Piovà Massaia;005086;-1;0;-1;2020/14/04
Portacomaro;005087;-1;33;-1;2020/14/04
Quaranti;005088;-1;0;-1;2020/14/04
Refrancore;005089;-1;4;-1;2020/14/04
Revigliasco d'Asti;005090;-1;2;-1;2020/14/04
Roatto;005091;-1;0;-1;2020/14/04
Robella;005092;-1;0;-1;2020/14/04
Rocca d'Arazzo;005093;-1;2;-1;2020/14/04
Roccaverano;005094;-1;0;-1;2020/14/04
Rocchetta Palafea;005095;-1;0;-1;2020/14/04
Rocchetta Tanaro;005096;-1;30;-1;2020/14/04
San Damiano d'Asti;005097;-1;12;-1;2020/14/04
San Giorgio Scarampi;005098;-1;0;-1;2020/14/04
San Martino Alfieri;005099;-1;3;-1;2020/14/04
San Marzano Oliveto;005100;-1;1;-1;2020/14/04
San Paolo Solbrito;005101;-1;0;-1;2020/14/04
Scurzolengo;005103;-1;1;-1;2020/14/04
Serole;005104;-1;0;-1;2020/14/04
Sessame;005105;-1;0;-1;2020/14/04
Settime;005106;-1;2;-1;2020/14/04
Soglio;005107;-1;1;-1;2020/14/04
Tigliole;005108;-1;3;-1;2020/14/04
Tonco;005109;-1;11;-1;2020/14/04
Tonengo;005110;-1;0;-1;2020/14/04
Vaglio Serra;005111;-1;0;-1;2020/14/04
Valfenera;005112;-1;6;-1;2020/14/04
Vesime;005113;-1;15;-1;2020/14/04
Viale;005114;-1;0;-1;2020/14/04
Viarigi;005115;-1;0;-1;2020/14/04
Vigliano d'Asti;005116;-1;3;-1;2020/14/04
Villafranca d'Asti;005117;-1;6;-1;2020/14/04
Villanova d'Asti;005118;-1;8;-1;2020/14/04
Villa San Secondo;005119;-1;2;-1;2020/14/04
Vinchio;005120;-1;2;-1;2020/14/04
Montiglio Monferrato;005121;-1;4;-1;2020/14/04
Acqui Terme;006001;-1;74;-1;2020/14/04
Albera Ligure;006002;-1;0;-1;2020/14/04
Alessandria;006003;-1;464;-1;2020/14/04
Alfiano Natta;006004;-1;1;-1;2020/14/04
Alice Bel Colle;006005;-1;0;-1;2020/14/04
Altavilla Monferrato;006007;-1;1;-1;2020/14/04
Alzano Scrivia;006008;-1;0;-1;2020/14/04
Arquata Scrivia;006009;-1;11;-1;2020/14/04
Avolasca;006010;-1;0;-1;2020/14/04
Balzola;006011;-1;2;-1;2020/14/04
Basaluzzo;006012;-1;9;-1;2020/14/04
Bassignana;006013;-1;6;-1;2020/14/04
Belforte Monferrato;006014;-1;2;-1;2020/14/04
Bergamasco;006015;-1;5;-1;2020/14/04
Berzano di Tortona;006016;-1;1;-1;2020/14/04
Bistagno;006017;-1;2;-1;2020/14/04
Borghetto di Borbera;006018;-1;2;-1;2020/14/04
Borgoratto Alessandrino;006019;-1;0;-1;2020/14/04
Borgo San Martino;006020;-1;0;-1;2020/14/04
Bosco Marengo;006021;-1;8;-1;2020/14/04
Bosio;006022;-1;0;-1;2020/14/04
Bozzole;006023;-1;1;-1;2020/14/04
Brignano-Frascata;006024;-1;3;-1;2020/14/04
Cabella Ligure;006025;-1;2;-1;2020/14/04
Camagna Monferrato;006026;-1;2;-1;2020/14/04
Camino;006027;-1;1;-1;2020/14/04
Cantalupo Ligure;006028;-1;0;-1;2020/14/04
Capriata d'Orba;006029;-1;2;-1;2020/14/04
Carbonara Scrivia;006030;-1;5;-1;2020/14/04
Carentino;006031;-1;2;-1;2020/14/04
Carezzano;006032;-1;4;-1;2020/14/04
Carpeneto;006033;-1;0;-1;2020/14/04
Carrega Ligure;006034;-1;0;-1;2020/14/04
Carrosio;006035;-1;0;-1;2020/14/04
Cartosio;006036;-1;0;-1;2020/14/04
Casal Cermelli;006037;-1;25;-1;2020/14/04
Casaleggio Boiro;006038;-1;1;-1;2020/14/04
Casale Monferrato;006039;-1;123;-1;2020/14/04
Casalnoceto;006040;-1;5;-1;2020/14/04
Casasco;006041;-1;1;-1;2020/14/04
Cassine;006043;-1;7;-1;2020/14/04
Cassinelle;006044;-1;0;-1;2020/14/04
Castellania Coppi;006045;-1;0;-1;2020/14/04
Castellar Guidobono;006046;-1;1;-1;2020/14/04
Castellazzo Bormida;006047;-1;23;-1;2020/14/04
Castelletto d'Erro;006048;-1;1;-1;2020/14/04
Castelletto d'Orba;006049;-1;13;-1;2020/14/04
Castelletto Merli;006050;-1;2;-1;2020/14/04
Castelletto Monferrato;006051;-1;5;-1;2020/14/04
Castelnuovo Bormida;006052;-1;2;-1;2020/14/04
Castelnuovo Scrivia;006053;-1;70;-1;2020/14/04
Castelspina;006054;-1;3;-1;2020/14/04
Cavatore;006055;-1;0;-1;2020/14/04
Cella Monte;006056;-1;7;-1;2020/14/04
Cereseto;006057;-1;0;-1;2020/14/04
Cerreto Grue;006058;-1;4;-1;2020/14/04
Cerrina Monferrato;006059;-1;2;-1;2020/14/04
Coniolo;006060;-1;1;-1;2020/14/04
Conzano;006061;-1;2;-1;2020/14/04
Costa Vescovato;006062;-1;1;-1;2020/14/04
Cremolino;006063;-1;4;-1;2020/14/04
Denice;006065;-1;0;-1;2020/14/04
Dernice;006066;-1;1;-1;2020/14/04
Fabbrica Curone;006067;-1;1;-1;2020/14/04
Felizzano;006068;-1;4;-1;2020/14/04
Fraconalto;006069;-1;0;-1;2020/14/04
Francavilla Bisio;006070;-1;0;-1;2020/14/04
Frascaro;006071;-1;0;-1;2020/14/04
Frassinello Monferrato;006072;-1;0;-1;2020/14/04
Frassineto Po;006073;-1;6;-1;2020/14/04
Fresonara;006074;-1;3;-1;2020/14/04
Frugarolo;006075;-1;11;-1;2020/14/04
Fubine Monferrato;006076;-1;9;-1;2020/14/04
Gabiano;006077;-1;1;-1;2020/14/04
Gamalero;006078;-1;4;-1;2020/14/04
Garbagna;006079;-1;8;-1;2020/14/04
Gavi;006081;-1;7;-1;2020/14/04
Giarole;006082;-1;2;-1;2020/14/04
Gremiasco;006083;-1;0;-1;2020/14/04
Grognardo;006084;-1;2;-1;2020/14/04
Grondona;006085;-1;0;-1;2020/14/04
Guazzora;006086;-1;0;-1;2020/14/04
Isola Sant'Antonio;006087;-1;3;-1;2020/14/04
Lerma;006088;-1;2;-1;2020/14/04
Malvicino;006090;-1;0;-1;2020/14/04
Masio;006091;-1;15;-1;2020/14/04
Melazzo;006092;-1;6;-1;2020/14/04
Merana;006093;-1;0;-1;2020/14/04
Mirabello Monferrato;006094;-1;1;-1;2020/14/04
Molare;006095;-1;6;-1;2020/14/04
Molino dei Torti;006096;-1;3;-1;2020/14/04
Mombello Monferrato;006097;-1;4;-1;2020/14/04
Momperone;006098;-1;0;-1;2020/14/04
Moncestino;006099;-1;0;-1;2020/14/04
Mongiardino Ligure;006100;-1;0;-1;2020/14/04
Monleale;006101;-1;6;-1;2020/14/04
Montacuto;006102;-1;2;-1;2020/14/04
Montaldeo;006103;-1;0;-1;2020/14/04
Montaldo Bormida;006104;-1;0;-1;2020/14/04
Montecastello;006105;-1;0;-1;2020/14/04
Montechiaro d'Acqui;006106;-1;1;-1;2020/14/04
Montegioco;006107;-1;8;-1;2020/14/04
Montemarzino;006108;-1;0;-1;2020/14/04
Morano sul Po;006109;-1;2;-1;2020/14/04
Morbello;006110;-1;0;-1;2020/14/04
Mornese;006111;-1;2;-1;2020/14/04
Morsasco;006112;-1;1;-1;2020/14/04
Murisengo;006113;-1;20;-1;2020/14/04
Novi Ligure;006114;-1;87;-1;2020/14/04
Occimiano;006115;-1;4;-1;2020/14/04
Odalengo Grande;006116;-1;8;-1;2020/14/04
Odalengo Piccolo;006117;-1;0;-1;2020/14/04
Olivola;006118;-1;0;-1;2020/14/04
Orsara Bormida;006119;-1;1;-1;2020/14/04
Ottiglio;006120;-1;0;-1;2020/14/04
Ovada;006121;-1;91;-1;2020/14/04
Oviglio;006122;-1;3;-1;2020/14/04
Ozzano Monferrato;006123;-1;6;-1;2020/14/04
Paderna;006124;-1;3;-1;2020/14/04
Pareto;006125;-1;0;-1;2020/14/04
Parodi Ligure;006126;-1;2;-1;2020/14/04
Pasturana;006127;-1;1;-1;2020/14/04
Pecetto di Valenza;006128;-1;3;-1;2020/14/04
Pietra Marazzi;006129;-1;6;-1;2020/14/04
Pomaro Monferrato;006131;-1;0;-1;2020/14/04
Pontecurone;006132;-1;31;-1;2020/14/04
Pontestura;006133;-1;4;-1;2020/14/04
Ponti;006134;-1;3;-1;2020/14/04
Ponzano Monferrato;006135;-1;1;-1;2020/14/04
Ponzone;006136;-1;1;-1;2020/14/04
Pozzol Groppo;006137;-1;1;-1;2020/14/04
Pozzolo Formigaro;006138;-1;13;-1;2020/14/04
Prasco;006139;-1;2;-1;2020/14/04
Predosa;006140;-1;12;-1;2020/14/04
Quargnento;006141;-1;6;-1;2020/14/04
Quattordio;006142;-1;11;-1;2020/14/04
Ricaldone;006143;-1;1;-1;2020/14/04
Rivalta Bormida;006144;-1;3;-1;2020/14/04
Rivarone;006145;-1;0;-1;2020/14/04
Roccaforte Ligure;006146;-1;0;-1;2020/14/04
Rocca Grimalda;006147;-1;3;-1;2020/14/04
Rocchetta Ligure;006148;-1;0;-1;2020/14/04
Rosignano Monferrato;006149;-1;8;-1;2020/14/04
Sala Monferrato;006150;-1;1;-1;2020/14/04
Sale;006151;-1;65;-1;2020/14/04
San Cristoforo;006152;-1;2;-1;2020/14/04
San Giorgio Monferrato;006153;-1;5;-1;2020/14/04
San Salvatore Monferrato;006154;-1;8;-1;2020/14/04
San Sebastiano Curone;006155;-1;6;-1;2020/14/04
Sant'Agata Fossili;006156;-1;3;-1;2020/14/04
Sardigliano;006157;-1;0;-1;2020/14/04
Sarezzano;006158;-1;3;-1;2020/14/04
Serralunga di Crea;006159;-1;2;-1;2020/14/04
Serravalle Scrivia;006160;-1;19;-1;2020/14/04
Sezzadio;006161;-1;9;-1;2020/14/04
Silvano d'Orba;006162;-1;11;-1;2020/14/04
Solero;006163;-1;6;-1;2020/14/04
Solonghello;006164;-1;2;-1;2020/14/04
Spigno Monferrato;006165;-1;1;-1;2020/14/04
Spineto Scrivia;006166;-1;1;-1;2020/14/04
Stazzano;006167;-1;46;-1;2020/14/04
Strevi;006168;-1;3;-1;2020/14/04
Tagliolo Monferrato;006169;-1;8;-1;2020/14/04
Tassarolo;006170;-1;2;-1;2020/14/04
Terruggia;006171;-1;5;-1;2020/14/04
Terzo;006172;-1;3;-1;2020/14/04
Ticineto;006173;-1;1;-1;2020/14/04
Tortona;006174;-1;214;-1;2020/14/04
Treville;006175;-1;0;-1;2020/14/04
Trisobbio;006176;-1;4;-1;2020/14/04
Valenza;006177;-1;76;-1;2020/14/04
Valmacca;006178;-1;5;-1;2020/14/04
Vignale Monferrato;006179;-1;2;-1;2020/14/04
Vignole Borbera;006180;-1;5;-1;2020/14/04
Viguzzolo;006181;-1;14;-1;2020/14/04
Villadeati;006182;-1;5;-1;2020/14/04
Villalvernia;006183;-1;4;-1;2020/14/04
Villamiroglio;006184;-1;0;-1;2020/14/04
Villanova Monferrato;006185;-1;6;-1;2020/14/04
Villaromagnano;006186;-1;7;-1;2020/14/04
Visone;006187;-1;4;-1;2020/14/04
Volpedo;006188;-1;2;-1;2020/14/04
Volpeglino;006189;-1;0;-1;2020/14/04
Voltaggio;006190;-1;0;-1;2020/14/04
Cassano Spinola;006191;-1;2;-1;2020/14/04
Alluvioni Piovera;006192;-1;7;-1;2020/14/04
Lu e Cuccaro Monferrato;006193;-1;3;-1;2020/14/04
Ailoche;096001;-1;1;-1;2020/14/04
Andorno Micca;096002;-1;5;-1;2020/14/04
Benna;096003;-1;3;-1;2020/14/04
Biella;096004;-1;151;-1;2020/14/04
Bioglio;096005;-1;2;-1;2020/14/04
Borriana;096006;-1;3;-1;2020/14/04
Brusnengo;096007;-1;3;-1;2020/14/04
Callabiana;096008;-1;0;-1;2020/14/04
Camandona;096009;-1;0;-1;2020/14/04
Camburzano;096010;-1;0;-1;2020/14/04
Candelo;096012;-1;14;-1;2020/14/04
Caprile;096013;-1;0;-1;2020/14/04
Casapinta;096014;-1;2;-1;2020/14/04
Castelletto Cervo;096015;-1;0;-1;2020/14/04
Cavaglià;096016;-1;5;-1;2020/14/04
Cerrione;096018;-1;4;-1;2020/14/04
Coggiola;096019;-1;8;-1;2020/14/04
Cossato;096020;-1;64;-1;2020/14/04
Crevacuore;096021;-1;4;-1;2020/14/04
Curino;096023;-1;0;-1;2020/14/04
Donato;096024;-1;0;-1;2020/14/04
Dorzano;096025;-1;0;-1;2020/14/04
Gaglianico;096026;-1;15;-1;2020/14/04
Gifflenga;096027;-1;0;-1;2020/14/04
Graglia;096028;-1;1;-1;2020/14/04
Magnano;096030;-1;2;-1;2020/14/04
Massazza;096031;-1;2;-1;2020/14/04
Masserano;096032;-1;3;-1;2020/14/04
Mezzana Mortigliengo;096033;-1;2;-1;2020/14/04
Miagliano;096034;-1;0;-1;2020/14/04
Mongrando;096035;-1;7;-1;2020/14/04
Mottalciata;096037;-1;1;-1;2020/14/04
Muzzano;096038;-1;2;-1;2020/14/04
Netro;096039;-1;4;-1;2020/14/04
Occhieppo Inferiore;096040;-1;37;-1;2020/14/04
Occhieppo Superiore;096041;-1;5;-1;2020/14/04
Pettinengo;096042;-1;3;-1;2020/14/04
Piatto;096043;-1;1;-1;2020/14/04
Piedicavallo;096044;-1;0;-1;2020/14/04
Pollone;096046;-1;13;-1;2020/14/04
Ponderano;096047;-1;9;-1;2020/14/04
Portula;096048;-1;12;-1;2020/14/04
Pralungo;096049;-1;5;-1;2020/14/04
Pray;096050;-1;6;-1;2020/14/04
Ronco Biellese;096053;-1;3;-1;2020/14/04
Roppolo;096054;-1;3;-1;2020/14/04
Rosazza;096055;-1;0;-1;2020/14/04
Sagliano Micca;096056;-1;5;-1;2020/14/04
Sala Biellese;096057;-1;4;-1;2020/14/04
Salussola;096058;-1;8;-1;2020/14/04
Sandigliano;096059;-1;11;-1;2020/14/04
Sordevolo;096063;-1;0;-1;2020/14/04
Sostegno;096064;-1;1;-1;2020/14/04
Strona;096065;-1;3;-1;2020/14/04
Tavigliano;096066;-1;1;-1;2020/14/04
Ternengo;096067;-1;3;-1;2020/14/04
Tollegno;096068;-1;8;-1;2020/14/04
Torrazzo;096069;-1;0;-1;2020/14/04
Valdengo;096071;-1;9;-1;2020/14/04
Vallanzengo;096072;-1;2;-1;2020/14/04
Valle San Nicolao;096074;-1;5;-1;2020/14/04
Veglio;096075;-1;1;-1;2020/14/04
Verrone;096076;-1;1;-1;2020/14/04
Vigliano Biellese;096077;-1;32;-1;2020/14/04
Villa del Bosco;096078;-1;0;-1;2020/14/04
Villanova Biellese;096079;-1;0;-1;2020/14/04
Viverone;096080;-1;9;-1;2020/14/04
Zimone;096081;-1;0;-1;2020/14/04
Zubiena;096082;-1;1;-1;2020/14/04
Zumaglia;096083;-1;2;-1;2020/14/04
Lessona;096085;-1;22;-1;2020/14/04
Campiglia Cervo;096086;-1;3;-1;2020/14/04
Quaregna Cerreto;096087;-1;2;-1;2020/14/04
Valdilana;096088;-1;33;-1;2020/14/04
